"First Name","Last Name"
"Walter","Warren"
"Lucy","Grant"
"Elise","Richardson"
"James","Gibson"
"Adele","Mitchell"
"Darcy","Clark"
"Jacob","Perkins"
"Alfred","Allen"
"Jared","Stevens"
"Agata","Williams"
"Leonardo","Henderson"
"Ryan","Nelson"
"Honey","Williams"
"Julia","Henderson"
"Maximilian","Cole"
"Owen","Clark"
"Gianna","Payne"
"Ryan","Smith"
"Fenton","Morrison"
"Carl","Harper"
"Vivian","Barnes"
"Justin","Holmes"
"Vanessa","Perry"
"Michelle","Payne"
"Emma","Ferguson"
"Deanna","Brooks"
"Miley","Allen"
"Kirsten","Mitchell"
"Adrianna","West"
"Arianna","Cooper"
"Brianna","Craig"
"Luke","Andrews"
"Maria","Stewart"
"Elian","Hall"
"Daisy","Payne"
"Bruce","Ross"
"Dainton","Douglas"
"Agata","Gibson"
"Kirsten","Carroll"
"Spike","Wright"
"Nicole","Mason"
"Ryan","Cameron"
"Reid","Reed"
"Arnold","Johnston"
"Olivia","Baker"
"Tiana","Reed"
"Edwin","Cooper"
"Nicole","Allen"
"Olivia","Harris"
"Kimberly","Wells"
